label	world	arm	run	log	status	crash_recovery
bitterwell-selector-v1-selective-r1	bitterwell	selective	1	exports/dramatic-derivation/selector-v1-run-logs/bitterwell-selector-v1-selective-r1.out	ok	yes
bitterwell-selector-v1-selective-r2	bitterwell	selective	2	exports/dramatic-derivation/selector-v1-run-logs/bitterwell-selector-v1-selective-r2.out	ok	yes
bitterwell-selector-v1-selective-r3	bitterwell	selective	3	exports/dramatic-derivation/selector-v1-run-logs/bitterwell-selector-v1-selective-r3.out	ok	yes
bitterwell-selector-v1-selective-r4	bitterwell	selective	4	exports/dramatic-derivation/selector-v1-run-logs/bitterwell-selector-v1-selective-r4.out	ok	yes
bitterwell-selector-v1-selective-r5	bitterwell	selective	5	exports/dramatic-derivation/selector-v1-run-logs/bitterwell-selector-v1-selective-r5.out	ok	yes
withercombe-selector-v1-selective-r2	withercombe	selective	2	exports/dramatic-derivation/selector-v1-run-logs/withercombe-selector-v1-selective-r2.out	ok	yes
withercombe-selector-v1-selective-r1	withercombe	selective	1	exports/dramatic-derivation/selector-v1-run-logs/withercombe-selector-v1-selective-r1.out	ok	yes
withercombe-selector-v1-selective-r3	withercombe	selective	3	exports/dramatic-derivation/selector-v1-run-logs/withercombe-selector-v1-selective-r3.out	ok	yes
withercombe-selector-v1-selective-r4	withercombe	selective	4	exports/dramatic-derivation/selector-v1-run-logs/withercombe-selector-v1-selective-r4.out	ok	yes
withercombe-selector-v1-selective-r5	withercombe	selective	5	exports/dramatic-derivation/selector-v1-run-logs/withercombe-selector-v1-selective-r5.out	ok	yes
fengate-selector-v1-selective-r1	fengate	selective	1	exports/dramatic-derivation/selector-v1-run-logs/fengate-selector-v1-selective-r1.out	ok	yes
fengate-selector-v1-selective-r2	fengate	selective	2	exports/dramatic-derivation/selector-v1-run-logs/fengate-selector-v1-selective-r2.out	ok	yes
fengate-selector-v1-selective-r3	fengate	selective	3	exports/dramatic-derivation/selector-v1-run-logs/fengate-selector-v1-selective-r3.out	ok	yes
fengate-selector-v1-selective-r4	fengate	selective	4	exports/dramatic-derivation/selector-v1-run-logs/fengate-selector-v1-selective-r4.out	ok	yes
fengate-selector-v1-selective-r5	fengate	selective	5	exports/dramatic-derivation/selector-v1-run-logs/fengate-selector-v1-selective-r5.out	ok	yes
sealhouse-selector-v1-selective-r1	sealhouse	selective	1	exports/dramatic-derivation/selector-v1-run-logs/sealhouse-selector-v1-selective-r1.out	ok	yes
sealhouse-selector-v1-selective-r4	sealhouse	selective	4	exports/dramatic-derivation/selector-v1-run-logs/sealhouse-selector-v1-selective-r4.out	ok	yes
sealhouse-selector-v1-selective-r2	sealhouse	selective	2	exports/dramatic-derivation/selector-v1-run-logs/sealhouse-selector-v1-selective-r2.out	ok	yes
sealhouse-selector-v1-selective-r3	sealhouse	selective	3	exports/dramatic-derivation/selector-v1-run-logs/sealhouse-selector-v1-selective-r3.out	ok	yes
sealhouse-selector-v1-selective-r5	sealhouse	selective	5	exports/dramatic-derivation/selector-v1-run-logs/sealhouse-selector-v1-selective-r5.out	ok	yes
hethel-selector-v1-selective-r1	hethel	selective	1	exports/dramatic-derivation/selector-v1-run-logs/hethel-selector-v1-selective-r1.out	ok	yes
hethel-selector-v1-selective-r2	hethel	selective	2	exports/dramatic-derivation/selector-v1-run-logs/hethel-selector-v1-selective-r2.out	ok	yes
hethel-selector-v1-selective-r3	hethel	selective	3	exports/dramatic-derivation/selector-v1-run-logs/hethel-selector-v1-selective-r3.out	ok	yes
hethel-selector-v1-baseline-r2	hethel	baseline	2	exports/dramatic-derivation/selector-v1-run-logs/hethel-selector-v1-baseline-r2.out	ok	yes
hethel-selector-v1-baseline-r1	hethel	baseline	1	exports/dramatic-derivation/selector-v1-run-logs/hethel-selector-v1-baseline-r1.out	ok	yes
hethel-selector-v1-selective-r5	hethel	selective	5	exports/dramatic-derivation/selector-v1-run-logs/hethel-selector-v1-selective-r5.out	ok	yes
hethel-selector-v1-selective-r4	hethel	selective	4	exports/dramatic-derivation/selector-v1-run-logs/hethel-selector-v1-selective-r4.out	ok	yes
hethel-selector-v1-baseline-r5	hethel	baseline	5	exports/dramatic-derivation/selector-v1-run-logs/hethel-selector-v1-baseline-r5.out	ok	yes
hethel-selector-v1-hidden-r2	hethel	hidden	2	exports/dramatic-derivation/selector-v1-run-logs/hethel-selector-v1-hidden-r2.out	skipped_existing_complete	no
hethel-selector-v1-hidden-r1	hethel	hidden	1	exports/dramatic-derivation/selector-v1-run-logs/hethel-selector-v1-hidden-r1.out	ok	yes
hethel-selector-v1-baseline-r4	hethel	baseline	4	exports/dramatic-derivation/selector-v1-run-logs/hethel-selector-v1-baseline-r4.out	ok	yes
hethel-selector-v1-baseline-r3	hethel	baseline	3	exports/dramatic-derivation/selector-v1-run-logs/hethel-selector-v1-baseline-r3.out	ok	yes
hethel-selector-v1-hidden-r3	hethel	hidden	3	exports/dramatic-derivation/selector-v1-run-logs/hethel-selector-v1-hidden-r3.out	ok	yes
hethel-selector-v1-hidden-r4	hethel	hidden	4	exports/dramatic-derivation/selector-v1-run-logs/hethel-selector-v1-hidden-r4.out	ok	yes
hethel-selector-v1-hidden-r5	hethel	hidden	5	exports/dramatic-derivation/selector-v1-run-logs/hethel-selector-v1-hidden-r5.out	ok	yes
hethel-selector-v1-visible-r1	hethel	visible	1	exports/dramatic-derivation/selector-v1-run-logs/hethel-selector-v1-visible-r1.out	ok	yes
hethel-selector-v1-visible-r2	hethel	visible	2	exports/dramatic-derivation/selector-v1-run-logs/hethel-selector-v1-visible-r2.out	ok	yes
hethel-selector-v1-visible-r5	hethel	visible	5	exports/dramatic-derivation/selector-v1-run-logs/hethel-selector-v1-visible-r5.out	ok	yes
hethel-selector-v1-visible-r3	hethel	visible	3	exports/dramatic-derivation/selector-v1-run-logs/hethel-selector-v1-visible-r3.out	ok	yes
hethel-selector-v1-visible-r4	hethel	visible	4	exports/dramatic-derivation/selector-v1-run-logs/hethel-selector-v1-visible-r4.out	ok	yes
